            BUONO RICHIESTA MATERIALE,
,
,
MATERIALE DI CONSUMO,QUANTITA'
TIM HUB PRO   785632,1
TIM VISION       784010,1
WI-FI 6 VODAFONE OF,
VODAFONE SEVEN,3
SIM TRIO,1
SIM 2,
TV BOX ,1 sparato
TV BOX 2,
ONT ENTERPRISE,
VIK VODAFONE,2
MIFI VODAFONE,1
CPE WIND INT,1
CPE WIND INT 2.5,
SFP / MINI ONT WIND,
ONT ZTE WIND ,
MODEM FASTGATE,
MODEM NEXXT ,1
MODEM NEXXT_ONE,2
FASTWEB SEVEN,
EXTENDER FW,2 + 2 seven
CPE SKY,1
ONT SKY,1
FRITZ BOX 5530 TISCALI ,
FRITZ BOX 5530,
FRITZ BOX 7530,
FRITZ BOX 7590,
ONT ZTE 10 GIGA ,
ONT ZTE 2.5 G,
CPE ILIAD 3,
CPE ILIAD 2,1
CPE ILIAD 1 ,
ADP ILIAD,
SFP ILIAD,1
EXTENDER ILIAD 2,
EXTENDER ILIAD ,
CPE ZTE 3600 TISCALI SORGENIA ,
CPE ZTE H3140 ARUBA ,
CPE ZTE 6745P,
CPE WIND 2.5 ,
SFP WIND 2.5 G,
CPE EOLO ,
CPE EOLO  7,1
